word,count
the,2313585
of,1315194
and,1299764
to,1213698
a,908117
in,846940
for,593332
is,470574
on,375042
that,340003
by,335005
this,322847
with,318311
i,308623
you,299618
it,281316
or,259074
be,239872
are,239361
from,227560
at,227227
as,224743
your,206207
all,202246
have,156420
new,155126
more,154477
an,151827
was,148343
we,139066
will,135629
home,127685
can,124232
us,122911
about,122673
if,113499
page,108212
my,105979
has,104632
search,102409
free,101411
but,99990
our,99876
one,99354
other,97848
do,95075
no,93711
information,93259
time,90871
they,88322
site,84431
he,84285
up,82997
may,82782
what,81240
which,81051
their,78285
news,75542
out,74160
use,71998
any,71074
there,70117
see,68141
only,66184
so,66181
his,66018
when,65062
contact,64582
here,63971
business,63713
who,63093
web,61957
also,61683
now,61139
help,61105
get,60598
pm,60458
view,60228
online,60132
c,59662
e,59309
first,57816
am,57644
been,57502
would,57264
how,57185
were,57070
me,56662
services,56221
some,54883
these,54100
click,53675
its,52563
like,52059
service,51954
x,50861
than,50261
find,50204
price,50165
date,48897
back,48802
top,48421
people,48030
had,48023
list,47259
name,46453
just,46284
over,45922
state,45310
year,45109
day,44624
into,44532
email,44395
two,44140
health,44042
n,43796
world,43193
re,43085
next,42590
used,42144
go,42109
b,41977
work,41948
last,41760
most,41621
music,41403
buy,41078
data,40691
make,40508
them,40300
should,40203
product,39912
system,39698
post,39296
her,39196
city,39056
t,38845
add,38723
policy,38440
number,38379
such,38073
please,38005
available,37964
copyright,37391
support,37351
message,37308
after,37295
best,37185
software,37052
then,36993
jan,36644
good,36580
video,36541
well,36208
d,36149
where,36047
info,35236
rights,35205
public,34929
books,34771
high,34541
school,34306
through,34237
m,34158
each,34089
she,33917
review,33907
years,33784
order,33663
very,33492
privacy,33327
book,33096
company,32427
r,32353
read,32233
group,32184
need,31938
many,31897
user,31645
said,31560
de,31459
does,31402
set,31347
under,31330
general,31176
research,31154
university,31137
january,31035
mail,31034
full,30993
map,30968
program,30669
life,30656
know,30610
games,30593
way,30552
management,30420
p,30325
part,30273
could,30231
great,30149
united,29928
hotel,29797
real,29767
f,29729
item,29653
international,29564
center,29432
ebay,29318
must,29277
store,29131
travel,28772
made,28735
development,28629
report,28624
off,28404
member,28386
details,28083
line,28001
terms,27771
before,27755
did,27537
send,27410
right,27362
type,27234
because,27132
local,27074
those,27001
results,26818
office,26679
education,26674
national,26638
car,26472
design,26445
take,26435
internet,26378
address,26187
community,26184
within,26139
states,26094
area,25987
want,25869
phone,25664
dvd,25653
shipping,25652
reserved,25644
subject,25622
between,25544
forum,25448
family,25416
l,25290
long,25252
based,25241
w,25223
code,25025
show,24754
o,24643
even,24570
black,24469
check,24449
special,24431
website,24288
index,24283
being,24278
women,24252
much,24233
sign,24229
file,24186
link,24040
open,23967
today,23927
technology,23867
south,23858
case,23556
project,23526
same,23482
uk,23275
version,23245
section,23225
own,23201
found,23201
house,23131
related,23113
security,23001
both,22865
g,22777
county,22757
american,22753
photo,22713
game,22711
power,22660
while,22619
care,22533
network,22522
down,22492
computer,22418
three,22342
total,22265
place,22097
end,22081
following,22071
download,22063
h,22052
him,21952
without,21919
per,21895
access,21799
think,21786
north,21781
resources,21727
current,21699
big,21669
media,21643
law,21612
control,21556
water,21518
history,21500
size,21484
art,21470
personal,21467
since,21430
including,21420
guide,21338
shop,21279
directory,21248
board,21236
location,21124
change,21060
white,20986
text,20878
small,20837
rating,20786
rate,20763
government,20658
children,20654
during,20636
usa,20621
return,20563
v,20449
shopping,20410
account,20361
times,20295
level,20256
digital,20235
profile,20185
previous,20169
form,20140
love,20106
old,19969
john,19964
main,19962
call,19961
hours,19824
image,19787
department,19729
title,19668
description,19630
non,19611
k,19565
y,19501
insurance,19327
another,19254
why,19200
shall,19196
property,19178
class,19109
cd,19086
still,19043
money,19021
quality,18951
every,18933
listing,18899
content,18888
country,18869
private,18789
little,18714
visit,18706
save,18609
low,18482
reply,18478
customer,18441
december,18324
compare,18320
include,18258
college,18255
value,18206
article,18197
york,18156
man,18145
card,18139
provide,18104
j,18074
food,18014
source,17996
author,17981
different,17979
press,17965
u,17962
learn,17943
sale,17922
around,17881
print,17825
course,17798
job,17771
canada,17715
process,17683
teen,17630
room,17630
stock,17630
training,17613
too,17609
credit,17592
point,17553
join,17430
science,17423
men,17406
advanced,17342
west,17335
sales,17324
look,17304
english,17237
left,17175
team,17169
estate,16926
box,16923
conditions,16896
select,16867
windows,16853
gay,16759
thread,16752
week,16720
category,16681
note,16666
live,16601
large,16586
gallery,16567
table,16534
register,16483
however,16396
june,16395
october,16336
november,16331
market,16239
library,16208
really,16203
action,16202
start,16191
series,16152
model,16121
air,16085
industry,16081
plan,16075
human,16057
provided,15979
tv,15960
yes,15960
second,15934
hot,15929
cost,15889
movie,15842
march,15828
la,15796
september,15718
better,15708
say,15685
july,15667
yahoo,15573
going,15528
medical,15525
test,15500
friend,15453
come,15433
dec,15430
server,15379
pc,15346
study,15298
application,15278
cart,15216
staff,15155
articles,15153
feedback,15101
again,15078
play,15075
april,14998
never,14956
complete,14931
street,14913
topic,14900
comment,14863
financial,14833
things,14797
working,14768
against,14726
standard,14718
tax,14691
person,14675
below,14570
mobile,14549
less,14543
got,14506
blog,14504
party,14471
payment,14465
equipment,14430
student,14359
let,14306
legal,14205
above,14189
recent,14177
park,14155
stores,14121
side,14116
act,14108
problem,14101
red,14080
give,14069
memory,14048
performance,13971
social,13957
q,13956
august,13946
quote,13924
language,13852
story,13843
sell,13770
experience,13713
rates,13709
create,13707
key,13686
body,13656
young,13634
america,13621
important,13610
field,13529
few,13513
east,13504
paper,13494
single,13475
age,13273
club,13243
example,13237
additional,13219
password,13214
z,13210
latest,13195
something,13184
road,13180
gift,13142
question,13064
night,13053
ca,13033
hard,13005
texas,12940
oct,12930
pay,12920
four,12917
poker,12905
status,12899
browse,12874
issue,12843
range,12831
building,12825
seller,12777
court,12772
february,12770
always,12763
result,12743
audio,12701
light,12670
write,12665
war,12652
nov,12646
offer,12623
blue,12616
al,12579
easy,12555
given,12554
event,12552
release,12534
analysis,12495
request,12462
fax,12450
china,12447
making,12420
picture,12412
possible,12331
might,12320
professional,12316
yet,12316
month,12303
major,12259
star,12250
future,12184
space,12151
committee,12135
hand,12130
sun,12122
london,12108
meeting,12081
rss,12055
become,12050
interest,12027
id,11997
child,11975
keep,11960
enter,11939
california,11938
share,11929
similar,11915
garden,11901
million,11882
added,11841
reference,11813
listed,11795
baby,11770
learning,11767
energy,11745
run,11721
delivery,11712
net,11688
popular,11650
term,11628
film,11610
put,11521
journal,11453
co,11445
try,11438
welcome,11403
central,11384
president,11376
notice,11369
original,11345
head,11332
radio,11329
until,11309
cell,11307
color,11297
self,11290
council,11289
away,11284
track,11239
australia,11220
discussion,11197
archive,11197
once,11188
entertainment,11139
agreement,11136
format,11128
least,11123
society,11120
months,11119
log,11117
safety,11106
friends,11073
sure,11053
faq,11032
trade,11009
edition,11005
marketing,10960
tell,10955
further,10953
association,10942
able,10939
david,10907
fun,10839
already,10832
green,10829
close,10785
common,10784
drive,10780
specific,10779
several,10759
gold,10750
feb,10748
living,10722
sep,10715
collection,10712
short,10676
arts,10647
lot,10641
ask,10640
display,10634
limited,10615
powered,10612
means,10595
director,10589
daily,10584
beach,10564
past,10563
natural,10510
whether,10501
due,10491
et,10425
electronics,10423
five,10417
upon,10392
period,10391
planning,10388
database,10373
official,10352
weather,10333
mar,10320
land,10313
average,10284
done,10281
technical,10279
window,10271
france,10270
pro,10258
region,10255
island,10232
record,10223
direct,10223
microsoft,10216
conference,10199
environment,10196
st,10134
district,10133
calendar,10130
costs,10109
style,10102
url,10091
front,10089
statement,10087
update,10077
aug,10050
ever,10026
early,10001
miles,10001
sound,10001
resource,9996
present,9942
either,9914
ago,9884
document,9870
word,9867
works,9858
material,9853
bill,9849
apr,9808
written,9806
talk,9785
federal,9784
final,9765
adult,9758
thing,9745
centre,9726
via,9717
cheap,9705
finance,9655
true,9627
minutes,9624
else,9602
mark,9561
third,9549
rock,9549
europe,9537
reading,9529
bad,9510
individual,9482
plus,9473
auto,9470
cover,9450
usually,9448
edit,9416
together,9411
percent,9404
fast,9394
function,9388
fact,9381
unit,9371
global,9345
tech,9340
meet,9328
far,9306
economic,9304
en,9280
player,9271
lyrics,9258
often,9255
subscribe,9246
submit,9243
germany,9215
amount,9204
watch,9201
included,9200
feel,9192
though,9191
bank,9156
risk,9149
thanks,9140
everything,9139
various,9116
linux,9085
jul,9081
production,9061
commercial,9055
weight,9051
town,9048
heart,9025
advertising,9021
received,9004
choose,9001
treatment,9000
newsletter,8983
points,8978
knowledge,8975
magazine,8974
error,8940
camera,8932
jun,8915
girl,8914
currently,8908
construction,8877
registered,8851
clear,8845
golf,8833
receive,8833
domain,8810
chapter,8788
protection,8782
loan,8779
wide,8766
beauty,8757
manager,8744
india,8739
position,8714
taken,8702
sort,8699
listings,8681
michael,8653
known,8640
half,8629
step,8615
engineering,8596
florida,8578
simple,8562
quick,8558
none,8552
wireless,8533
license,8533
friday,8525
lake,8524
whole,8520
annual,8504
later,8486
basic,8484
sony,8481
corporate,8470
google,8457
church,8456
method,8440
purchase,8433
active,8408
response,8407
practice,8404
hardware,8400
figure,8395
fire,8385
holiday,8367
chat,8363
enough,8359
along,8344
among,8343
death,8322
writing,8317
speed,8314
html,8309
loss,8302
face,8281
brand,8281
discount,8265
effects,8240
remember,8222
standards,8218
oil,8218
bit,8211
yellow,8202
political,8202
increase,8198
advertise,8197
kingdom,8191
base,8189
near,8165
environmental,8160
thought,8156
stuff,8144
french,8140
storage,8132
oh,8126
japan,8111
entry,8072
stay,8069
nature,8066
availability,8058
africa,8057
summary,8053
turn,8033
mean,8031
growth,8000
notes,7996
agency,7992
king,7979
monday,7970
european,7967
activity,7963
copy,7962
although,7958
drug,7942
western,7926
income,7924
force,7920
cash,7917
employment,7911
overall,7899
bay,7897
river,7884
commission,7882
ad,7877
package,7842
contents,7837
seen,7837
engine,7808
port,7805
album,7791
regional,7775
stop,7775
supplies,7757
administration,7752
bar,7738
institute,7735
double,7729
dog,7727
build,7720
screen,7718
exchange,7708
soon,7704
lines,7681
electronic,7671
continue,7666
across,7660
season,7645
apply,7634
someone,7621
held,7610
ny,7599
anything,7599
printer,7598
condition,7596
effective,7596
believe,7592
organization,7560
effect,7559
mind,7539
sunday,7529
selection,7520
casino,7480
pdf,7477
lost,7475
tour,7470
menu,7436
volume,7428
cross,7423
anyone,7417
mortgage,7416
hope,7415
silver,7407
corporation,7407
wish,7404
inside,7403
solution,7400
mature,7388
role,7369
rather,7366
addition,7343
came,7329
supply,7322
nothing,7318
certain,7311
executive,7301
running,7288
lower,7261
necessary,7260
union,7260
dc,7253
clothing,7246
mon,7243
com,7229
particular,7206
fine,7197
names,7192
homepage,7181
hour,7177
gas,7152
six,7137
bush,7129
advice,7127
career,7125
military,7123
rental,7101
decision,7101
leave,7096
british,7091
teens,7086
pre,7083
huge,7064
sat,7064
woman,7061
facilities,7060
zip,7055
bid,7043
kind,7042
middle,7016
move,7011
cable,7008
values,6995
division,6992
coming,6989
tuesday,6984
object,6982
lesbian,6973
appropriate,6967
machine,6967
logo,6953
length,6947
actually,6944
nice,6940
score,6932
statistics,6919
client,6919
ok,6907
capital,6899
follow,6898
sample,6896
investment,6889
sent,6885
shown,6876
saturday,6869
christmas,6865
england,6862
culture,6861
band,6857
flash,6839
ms,6836
lead,6833
choice,6822
went,6813
registration,6803
fri,6793
thursday,6775
consumer,6767
hi,6757
airport,6747
foreign,6744
artist,6742
outside,6742
furniture,6740
channel,6735
letter,6734
mode,6732
wednesday,6721
structure,6719
fund,6713
summer,6710
allow,6705
degree,6703
contract,6690
button,6681
wed,6680
super,6670
male,6664
matter,6663
custom,6659
virginia,6658
almost,6640
took,6630
multiple,6617
asian,6608
distribution,6607
editor,6601
inn,6601
industrial,6592
cause,6590
potential,6584
song,6583
ltd,6575
hp,6564
focus,6563
late,6557
fall,6550
idea,6546
rooms,6545
female,6541
responsible,6532
inc,6531
communications,6531
win,6526
primary,6514
cancer,6508
numbers,6508
reason,6507
tool,6501
browser,6482
spring,6481
foundation,6475
answer,6465
voice,6460
eg,6460
friendly,6454
schedule,6450
communication,6438
purpose,6431
feature,6429
bed,6426
police,6420
everyone,6420
independent,6417
approach,6416
brown,6411
physical,6409
hill,6401
medicine,6383
deal,6383
hold,6378
chicago,6375
glass,6356
happy,6347
smith,6336
wanted,6330
developed,6325
thank,6323
safe,6317
unique,6312
survey,6299
prior,6295
telephone,6290
sport,6268
ready,6267
feed,6266
animal,6257
mexico,6254
population,6245
pa,6238
regular,6231
secure,6229
navigation,6220
therefore,6208
simply,6201
evidence,6201
station,6189
christian,6187
round,6184
favorite,6178
understand,6172
option,6172
master,6170
valley,6169
recently,6164
probably,6163
sea,6153
built,6150
blood,6135
cut,6134
worldwide,6132
improve,6131
connection,6130
publisher,6129
hall,6127
anti,6123
earth,6106
nokia,6104
impact,6102
transfer,6101
introduction,6100
kitchen,6098
strong,6097
tel,6083
wedding,6076
hospital,6072
ground,6068
overview,6067
ship,6065
accommodation,6059
disease,6054
tx,6044
excellent,6032
paid,6029
italy,6028
perfect,6018
hair,6005
opportunity,6003
kit,5996
classic,5996
basis,5990
command,5987
express,5980
award,5965
distance,5965
tree,5962
assessment,5951
ensure,5951
thus,5945
wall,5943
ie,5943
involved,5941
extra,5938
especially,5934
interface,5931
budget,5911
success,5899
maximum,5893
ma,5891
operation,5886
existing,5880
quite,5878
boy,5866
amazon,5866
beautiful,5850
warning,5850
wine,5849
horse,5845
vote,5839
forward,5838
significant,5834
owner,5819
retail,5819
useful,5814
directly,5814
manufacturer,5813
est,5811
son,5809
providing,5796
rule,5791
mac,5788
housing,5779
gmt,5761
bring,5761
max,5748
trying,5746
mother,5743
authority,5740
considered,5738
told,5725
xml,5724
traffic,5724
programme,5721
input,5719
strategy,5717
feet,5715
agent,5710
valid,5709
bin,5708
modern,5703
senior,5693
ireland,5680
teaching,5668
door,5664
grand,5660
testing,5656
trial,5655
charge,5654
instead,5650
canadian,5649
cool,5647
normal,5644
wrote,5642
enterprise,5641
entire,5628
educational,5628
md,5625
leading,5620
metal,5618
positive,5613
fl,5610
fitness,5606
chinese,5606
opinion,5604
mb,5603
asia,5598
football,5597
abstract,5595
output,5582
funds,5572
mr,5569
likely,5567
develop,5561
alternative,5550
processing,5549
responsibility,5545
resolution,5543
java,5536
guest,5529
publication,5520
pass,5519
relations,5518
trust,5516
van,5515
session,5514
multi,5513
photography,5508
republic,5505
vacation,5495
century,5493
academic,5489
assistance,5483
skin,5479
graphics,5478
indian,5465
ads,5451
mary,5442
il,5438
ring,5434
grade,5428
dating,5427
pacific,5426
mountain,5417
pop,5414
filter,5411
mailing,5410
vehicle,5408
consider,5406
northern,5388
behind,5382
panel,5378
floor,5376
german,5371
match,5353
proposed,5351
default,5351
require,5350
iraq,5349
boys,5346
outdoor,5346
deep,5345
morning,5344
otherwise,5341
rest,5331
protein,5325
plant,5325
hit,5317
transportation,5312
mm,5308
pool,5305
mini,5303
politics,5301
partner,5298
disclaimer,5292
boards,5288
faculty,5282
fish,5276
membership,5274
mission,5272
eye,5269
string,5268
sense,5263
pack,5256
stage,5252
internal,5252
goods,5251
unless,5244
detailed,5240
japanese,5232
race,5230
approved,5222
background,5221
target,5220
except,5218
character,5203
usb,5201
maintenance,5201
ability,5200
maybe,5190
ed,5179
moving,5177
pretty,5162
spain,5155
southern,5154
yourself,5153
etc,5153
winter,5148
battery,5145
youth,5143
pressure,5141
boston,5139
debt,5135
medium,5133
television,5130
interested,5128
core,5124
break,5124
throughout,5116
sets,5116
dance,5115
wood,5113
msn,5109
itself,5108
papers,5102
fee,5093
studio,5091
reader,5089
virtual,5084
device,5082
established,5082
rent,5077
remote,5068
dark,5067
programming,5063
external,5060
apple,5055
regarding,5041
instructions,5041
min,5039
theory,5028
enjoy,5014
remove,5004
aid,5002
surface,5002
minimum,5000
visual,4997
host,4992
variety,4984
isbn,4975
martin,4970
manual,4970
block,4969
repair,4951
fair,4951
civil,4950
steel,4945
understanding,4939
fixed,4922
wrong,4916
beginning,4915
associates,4902
finally,4900
az,4899
desktop,4885
paris,4883
ohio,4881
sector,4875
capacity,4873
jersey,4866
un,4865
fat,4865
fully,4862
father,4858
electric,4856
saw,4854
officer,4848
driver,4846
dead,4838
respect,4833
unknown,4833
restaurant,4826
mike,4820
trip,4818
pst,4814
worth,4808
mi,4807
poor,4805
teacher,4800
relationship,4796
farm,4793
georgia,4790
peace,4786
traditional,4785
campus,4783
tom,4778
showing,4775
creative,4774
coast,4772
benefit,4770
progress,4767
funding,4766
lord,4761
grant,4761
sub,4759
agree,4750
fiction,4745
hear,4743
sometimes,4740
beyond,4732
led,4721
museum,4720
themselves,4718
fan,4705
transport,4704
interesting,4698
wife,4695
evaluation,4693
accepted,4692
former,4692
ten,4691
zone,4690
complex,4687
th,4686
cat,4684
die,4675
jack,4673
flat,4669
flow,4668
literature,4661
respective,4653
parent,4652
spanish,4648
michigan,4644
columbia,4637
setting,4635
dr,4635
scale,4631
stand,4629
economy,4624
helpful,4621
monthly,4620
critical,4614
frame,4608
musical,4606
definition,4602
secretary,4601
networking,4592
path,4591
australian,4573
employee,4572
chief,4570
kb,4564
bottom,4560
detail,4549
changed,4545
pet,4545
begin,4543
colorado,4541
royal,4541
clean,4538
switch,4533
russian,4532
african,4531
guy,4529
relevant,4524
guidelines,4521
justice,4515
connect,4513
bible,4508
cup,4503
basket,4502
weekly,4495
vol,4495
installation,4494
demand,4486
pp,4485
suite,4483
vegas,4481
square,4478
attention,4475
advance,4474
skip,4468
diet,4467
army,4467
auction,4462
gear,4457
os,4456
difference,4455
correct,4447
nation,4443
selling,4438
piece,4430
sheet,4430
firm,4424
seven,4422
illinois,4421
species,4416
jump,4414
module,4413
resort,4412
facility,4405
random,4404
pricing,4403
certificate,4397
minister,4393
motion,4393
looks,4390
fashion,4388
directions,4387
documentation,4387
monitor,4385
trading,4371
forest,4367
whose,4363
coverage,4362
couple,4358
giving,4351
chance,4346
vision,4343
ball,4340
ending,4331
listen,4325
discuss,4321
accept,4317
automotive,4313
naked,4311
goal,4307
successful,4304
sold,4298
wind,4297
clinical,4295
situation,4288
highly,4286
publishing,4281
appear,4280
emergency,4277
developing,4277
lives,4275
currency,4272
leather,4271
determine,4271
temperature,4265
palm,4263
patient,4256
actual,4255
historical,4250
stone,4249
bob,4249
commerce,4246
perhaps,4245
difficult,4244
scientific,4242
satellite,4238
fit,4234
village,4234
accounts,4233
amateur,4227
ex,4226
met,4222
pain,4218
xbox,4216
particularly,4216
coffee,4209
www,4208
buyer,4202
cultural,4202
easily,4195
oral,4195
ford,4192
poster,4189
edge,4187
functional,4186
root,4184
au,4183
closed,4178
ice,4171
pink,4170
balance,4165
graduate,4165
shot,4161
nc,4154
architecture,4147
initial,4137
label,4136
thinking,4133
llc,4128
sec,4118
recommend,4115
canon,4114
league,4111
waste,4109
minute,4106
bus,4104
provider,4098
optional,4084
dictionary,4084
cold,4083
accounting,4082
manufacturing,4078
chair,4076
fishing,4073
effort,4073
phase,4072
bag,4067
fantasy,4067
po,4066
motor,4062
va,4059
professor,4057
context,4057
install,4050
shirt,4050
apparel,4050
generally,4044
continued,4041
foot,4040
mass,4036
crime,4036
count,4035
breast,4033
ibm,4026
rd,4023
sc,4019
quickly,4016
religion,4010
claim,4009
driving,4003
permission,4003
surgery,4003
patch,4000
heat,3997
wild,3994
generation,3991
kansas,3991
miss,3990
chemical,3989
doctor,3985
task,3983
reduce,3983
brought,3979
himself,3976
component,3975
enable,3973
exercise,3970
bug,3967
mid,3961
guarantee,3960
leader,3959
diamond,3957
israel,3951
se,3948
soft,3944
alone,3933
seconds,3930
arizona,3928
keyword,3924
flight,3923
congress,3919
fuel,3915
walk,3913
italian,3902
paperback,3902
wait,3900
pocket,3893
saint,3893
rose,3891
freedom,3891
argument,3890
competition,3889
joint,3883
premium,3879
fresh,3878
attorney,3878
upgrade,3878
di,3877
factor,3874
km,3861
stream,3859
pick,3854
hearing,3852
eastern,3851
therapy,3846
upper,3834
administrative,3834
serious,3832
prime,3831
samsung,3829
limit,3829
began,3827
steps,3825
del,3822
informed,3821
ga,3819
ac,3817
thoughts,3816
creek,3816
ft,3813
quantity,3812
urban,3809
sorted,3800
reporting,3800
essential,3799
myself,3798
platform,3793
load,3790
affiliate,3788
labor,3787
immediately,3786
admin,3784
nursing,3782
defense,3782
heavy,3767
covered,3766
recovery,3764
guys,3760
integrated,3760
configuration,3759
merchant,3757
comprehensive,3754
expert,3754
universal,3749
protect,3746
drop,3743
solid,3743
presentation,3739
became,3733
orange,3732
compliance,3731
prevent,3725
theme,3722
rich,3720
im,3717
campaign,3715
marine,3714
improvement,3713
vs,3712
guitar,3711
finding,3710
pennsylvania,3704
ipod,3699
saying,3698
spirit,3697
ar,3695
challenge,3692
motorola,3692
acceptance,3686
mo,3685
seem,3685
affairs,3683
touch,3683
towards,3680
sa,3677
hire,3674
election,3673
suggest,3673
branch,3671
serve,3670
magic,3668
mount,3665
smart,3664
gave,3658
latin,3655
multimedia,3652
avoid,3651
manage,3644
corner,3642
rank,3641
computing,3638
oregon,3635
element,3631
birth,3629
virus,3629
abuse,3627
interactive,3625
separate,3614
quarter,3613
procedure,3613
leadership,3611
define,3609
racing,3608
religious,3605
breakfast,3599
column,3599
faith,3594
chain,3593
developer,3589
identify,3585
avenue,3585
missing,3581
approximately,3580
domestic,3572
houston,3570
reach,3569
comparison,3568
mental,3567
moment,3566
extended,3565
sequence,3564
inch,3563
attack,3560
sorry,3560
opening,3554
damage,3553
lab,3553
reserve,3552
gamma,3543
plastic,3542
produce,3538
snow,3536
truth,3535
counter,3535
failure,3534
eu,3533
weekend,3529
dollar,3528
camp,3526
ontario,3523
automatically,3523
des,3522
minnesota,3521
bridge,3518
native,3516
fill,3515
movement,3511
printing,3508
baseball,3507
owned,3505
approval,3505
draft,3503
chart,3503
contacts,3497
cc,3494
jesus,3493
lcd,3488
wa,3487
jackson,3486
equal,3483
adventure,3481
matching,3480
offering,3480
profit,3475
assistant,3472
variable,3472
ave,3471
dj,3469
advertisement,3468
expect,3468
parking,3467
yesterday,3464
determined,3460
wholesale,3460
workshop,3453
russia,3451
gone,3451
extension,3446
seattle,3443
golden,3442
completely,3439
fort,3436
cm,3431
wi,3431
lighting,3430
senate,3430
funny,3428
brother,3427
gene,3427
portable,3421
tried,3420
electrical,3418
applicable,3417
disc,3414
pattern,3412
ct,3412
boat,3410
theatre,3410
laser,3408
sponsor,3399
classical,3396
icon,3396
warranty,3392
dedicated,3392
indiana,3390
direction,3387
harry,3387
basketball,3385
delete,3377
evening,3371
assembly,3370
nuclear,3369
mouse,3367
signal,3365
criminal,3365
brain,3361
sexual,3360
wisconsin,3359
powerful,3354
dream,3352
false,3348
da,3345
cast,3340
flower,3336
felt,3332
personnel,3328
falls,3321
pic,3321
soul,3317
aids,3316
promote,3311
stats,3310
hawaii,3308
carry,3306
flag,3305
decided,3303
nj,3301
hr,3297
em,3296
advantage,3296
hello,3296
maintain,3294
tourism,3293
priority,3292
savings,3282
iv,3281
graphic,3278
atom,3278
rw,3274
binding,3260
brief,3260
winning,3257
eight,3257
anonymous,3256
iron,3255
straight,3255
script,3255
miscellaneous,3250
prepared,3250
void,3249
alert,3247
integration,3246
atlanta,3244
tag,3243
interview,3243
mix,3243
framework,3242
disk,3238
queen,3237
clearly,3234
fix,3233
handle,3232
sweet,3231
desk,3231
massachusetts,3227
vice,3222
associate,3222
ne,3214
truck,3214
enlarge,3212
ray,3211
frequently,3211
revenue,3209
measure,3208
duty,3201
bear,3198
gain,3198
festival,3196
laboratory,3196
ocean,3193
lack,3188
depth,3188
iowa,3188
whatever,3187
laptop,3185
vintage,3183
train,3182
exactly,3176
dry,3174
explore,3174
maryland,3172
spa,3171
concept,3168
nearly,3168
eligible,3167
checkout,3165
reality,3163
forgot,3163
handling,3162
origin,3160
knew,3160
gaming,3159
billion,3159
destination,3156
scotland,3155
intelligence,3153
dallas,3153
bought,3150
con,3145
ups,3145
route,3144
broken,3140
frank,3139
alaska,3139
zoom,3137
blow,3134
battle,3134
residential,3134
anime,3133
speak,3132
protocol,3130
query,3128
clip,3126
partnership,3124
editorial,3123
nt,3120
expression,3118
equity,3116
provisions,3113
speech,3112
wire,3111
principles,3105
rural,3100
sounds,3099
replacement,3098
tape,3094
strategic,3093
judge,3091
spam,3088
economics,3087
acid,3087
cent,3084
forced,3084
compatible,3081
fight,3078
apartment,3077
height,3075
zero,3074
speaker,3073
gb,3070
netherlands,3067
obtain,3067
bc,3067
consulting,3066
recreation,3066
designer,3064
remain,3063
pr,3060
marriage,3059
roll,3059
korea,3058
fr,3056
secret,3054
bath,3054
aa,3052
leads,3051
negative,3050
austin,3048
toronto,3046
missouri,3042
var,3038
perform,3038
healthy,3036
translation,3035
font,3033
injury,3029
mt,3029
joseph,3029
ministry,3028
lawyer,3025
figures,3023
married,3020
protected,3020
proposal,3019
philadelphia,3018
portal,3017
birthday,3017
beta,3016
fail,3015
gratis,3014
banking,3010
won,3000
slightly,2999
assist,2996
conduct,2996
lingerie,2995
legislation,2993
calling,2992
jazz,2992
serving,2992
bags,2991
miami,2990
matters,2990
doc,2987
postal,2986
tennessee,2985
wear,2985
combined,2984
ultimate,2983
wales,2982
representative,2981
frequency,2981
minor,2978
finish,2977
noted,2975
mom,2974
physics,2972
rare,2972
spent,2972
extreme,2969
daniel,2968
row,2965
oz,2964
forecast,2964
singles,2959
administrator,2959
cycle,2959
contain,2955
accuracy,2954
dual,2954
rise,2954
sleep,2949
mg,2946
bird,2944
pharmacy,2939
brazil,2939
creation,2939
static,2939
scene,2937
hunter,2937
lady,2935
crystal,2934
famous,2933
writer,2932
chairman,2931
violence,2931
oklahoma,2928
drink,2925
academy,2925
dynamic,2925
gender,2925
eat,2924
permanent,2922
agriculture,2922
dell,2922
cleaning,2920
portfolio,2915
practical,2914
infrastructure,2909
exclusive,2907
seat,2907
colour,2905
vendor,2903
originally,2902
intel,2900
philosophy,2896
regulation,2896
reduction,2895
aim,2895
nutrition,2889
recording,2888
junior,2886
toll,2885
cape,2885
meaning,2882
tip,2881
secondary,2881
wonderful,2880
mine,2880
ladies,2878
ticket,2877
guess,2874
agreed,2872
prevention,2868
whom,2868
ski,2866
soccer,2865
math,2863
import,2863
posting,2861
presence,2860
instant,2860
automatic,2855
healthcare,2853
ch,2847
majority,2846
connected,2845
christ,2840
dogs,2840
sd,2839
austria,2838
ahead,2838
moon,2837
participation,2837
scheme,2831
utility,2830
preview,2829
fly,2828
manner,2827
matrix,2827
combination,2825
amendment,2815
despite,2815
strength,2815
turkey,2811
proper,2810
singapore,2809
delta,2805
fear,2804
phoenix,2802
convention,2797
principal,2796
daughter,2794
standing,2794
comfort,2792
cisco,2789
ordering,2786
kept,2784
alpha,2783
appeal,2783
cruise,2783
bonus,2782
certification,2771
previously,2770
hey,2767
bookmark,2767
beat,2762
household,2756
adobe,2754
smoking,2753
bbc,2747
arms,2743
alabama,2742
tea,2741
improved,2740
achieve,2733
dress,2732
subscription,2731
dealer,2730
contemporary,2728
sky,2728
utah,2727
nearby,2726
rom,2723
happen,2721
exposure,2720
panasonic,2717
hide,2716
signature,2714
gambling,2712
miller,2709
provision,2709
outdoors,2706
clothes,2704
luxury,2702
certainly,2698
indeed,2694
newspaper,2693
toy,2692
circuit,2692
layer,2691
slow,2687
removal,2686
liability,2684
trademark,2684
hip,2683
nine,2681
kentucky,2678
mostly,2677
spot,2675
trackback,2673
prints,2672
spend,2671
factory,2671
interior,2671
grow,2670
optical,2667
promotion,2665
relative,2665
amazing,2663
clock,2662
dot,2659
hiv,2658
identity,2657
conversion,2655
feeling,2655
hidden,2653
reasonable,2653
victoria,2652
serial,2649
relief,2648
revision,2648
broadband,2648
influence,2646
ratio,2646
pda,2645
importance,2645
rain,2642
onto,2641
dsl,2641
planet,2641
webmaster,2638
recipe,2636
permit,2634
seeing,2632
proof,2631
dna,2629
tennis,2627
bass,2625
prescription,2623
bedroom,2623
empty,2621
instance,2620
hole,2620
ride,2615
licensed,2615
orlando,2612
specifically,2611
bureau,2611
maine,2605
represent,2604
conservation,2604
pair,2604
ideal,2604
specs,2603
don,2600
finished,2599
dinner,2597
sydney,2595
stress,2590
cream,2590
ss,2590
yeah,2586
discover,2585
ap,2584
louisiana,2578
fourth,2576
nm,2575
mn,2572
marketplace,2571
nd,2571
evil,2570
aware,2570
shape,2568
evolution,2567
irish,2566
gps,2557
op,2557
remains,2556
concerned,2549
euro,2547
operator,2547
generic,2546
encyclopedia,2545
usage,2544
cap,2544
ink,2544
mixed,2540
census,2539
interracial,2538
peak,2538
tn,2538
competitive,2535
exist,2535
wheel,2534
transit,2533
salt,2532
compact,2532
poetry,2531
tracking,2529
angel,2529
bell,2528
preparation,2527
attempt,2525
receiving,2524
width,2518
noise,2517
forget,2516
array,2515
accurate,2514
climate,2510
pin,2508
playstation,2507
alcohol,2506
greek,2506
instruction,2506
sister,2504
raw,2501
walking,2499
explain,2498
establish,2497
gnu,2496
extent,2492
sharp,2490
lane,2488
paragraph,2486
kill,2485
mathematics,2481
aol,2480
compensation,2479
ce,2478
export,2476
aircraft,2475
sweden,2472
conflict,2471
employer,2468
occur,2468
percentage,2467
mississippi,2463
describe,2462
concern,2461
backup,2460
connecticut,2456
heritage,2456
immediate,2453
holding,2452
trouble,2452
spread,2452
coach,2451
expand,2448
audience,2447
jordan,2444
ages,2444
participate,2443
plug,2443
specialist,2442
cook,2441
affect,2441
virgin,2441
experienced,2440
investigation,2440
raised,2440
hat,2438
institution,2437
searching,2432
sporting,2432
helping,2432
affected,2430
lib,2429
bike,2429
totally,2428
plate,2428
expenses,2425
indicate,2423
blonde,2423
ab,2422
proceedings,2421
favourite,2421
transmission,2420
lose,2414
organic,2414
seek,2414
extremely,2410
concerning,2406
equivalent,2405
chemistry,2405
tony,2405
nevada,2404
thailand,2403
agenda,2401
anyway,2401
tracks,2400
advisory,2400
cam,2400
curriculum,2399
logic,2399
template,2398
prince,2398
circle,2396
soil,2395
anywhere,2395
psychology,2394
atlantic,2392
wet,2392
circumstances,2392
investor,2389
identification,2388
ram,2386
wildlife,2385
matt,2384
elementary,2383
cooking,2383
fox,2380
unlimited,2379
respond,2376
plain,2375
exit,2374
iran,2372
arm,2372
launch,2371
wave,2371
costa,2370
belgium,2370
printable,2369
holy,2369
guidance,2368
mesh,2365
trail,2365
enforcement,2364
symbol,2363
highway,2362
buddy,2361
hardcover,2360
dean,2358
poll,2352
booking,2352
glossary,2351
fiscal,2351
celebrity,2350
denver,2346
unix,2346
bond,2345
ericsson,2342
appendix,2340
notify,2339
blues,2339
chocolate,2338
pub,2337
portion,2336
scope,2335
hampshire,2334
supplier,2334
cotton,2328
bluetooth,2327
controlled,2327
requirement,2326
biology,2325
dental,2324
border,2323
ancient,2323
debate,2321
starts,2316
pregnancy,2315
arkansas,2314
biography,2313
leisure,2313
learned,2312
transactions,2310
notebook,2310
explorer,2310
historic,2308
tm,2307
husband,2306
disabled,2306
crazy,2303
upcoming,2303
britain,2303
concert,2302
retirement,2302
financing,2301
efficiency,2301
comedy,2299
adopted,2297
efficient,2296
weblog,2296
linear,2294
commitment,2294
specialty,2293
hop,2292
carrier,2292
constant,2291
visa,2290
mouth,2288
jewish,2288
meter,2287
portland,2285
nh,2284
gun,2283
reflect,2283
pure,2283
deliver,2281
wonder,2281
fruit,2277
qualified,2275
reform,2275
lens,2274
discovery,2271
draw,2271
classified,2270
assume,2268
confidence,2267
alliance,2267
fm,2267
confirm,2265
warm,2265
neither,2264
offline,2262
leaves,2261
engineer,2261
lifestyle,2261
consistent,2260
replace,2259
clearance,2259
connections,2258
inventory,2256
converter,2254
babe,2249
becoming,2248
safari,2248
objective,2247
sugar,2245
crew,2244
stick,2240
securities,2240
pdt,2236
relation,2236
enabled,2235
genre,2234
slide,2234
montana,2234
volunteer,2234
rear,2232
democratic,2232
enhance,2231
switzerland,2231
exact,2230
bound,2230
parameter,2230
adapter,2229
processor,2229
node,2229
formal,2227
dimensions,2226
contribute,2226
lock,2225
hockey,2225
storm,2224
micro,2222
mile,2218
threads,2212
bowl,2212
supreme,2211
recognition,2209
ref,2209
tank,2207
submission,2207
estimate,2203
encourage,2202
navy,2202
kid,2201
regulatory,2201
inspection,2200
cancel,2199
territory,2196
transaction,2196
manchester,2194
paint,2193
delay,2191
pilot,2191
outlet,2189
continuous,2187
db,2186
cambridge,2184
initiative,2183
novel,2182
pan,2181
execution,2181
disability,2180
ultra,2180
winner,2179
idaho,2179
contractor,2178
ph,2178
episode,2177
examination,2177
potter,2176
dish,2176
bulletin,2174
ia,2174
pt,2172
modify,2172
oxford,2169
adam,2169
truly,2169
painting,2167
committed,2166
extensive,2165
affordable,2165
universe,2164
candidate,2164
patent,2161
slot,2160
outstanding,2158
ha,2158
perspective,2155
lodge,2154
messenger,2154
mirror,2154
tournament,2154
consideration,2153
ds,2153
sterling,2152
kernel,2148
gray,2142
catalogue,2142
charged,2138
broad,2137
taiwan,2136
chosen,2135
demo,2134
greece,2133
swiss,2132
labour,2129
hate,2127
terminal,2127
nights,2126
caribbean,2125
liquid,2122
rice,2118
nebraska,2117
loop,2117
salary,2116
reservation,2115
gourmet,2115
guard,2114
properly,2114
saving,2112
nfl,2112
remaining,2111
empire,2111
resume,2111
twenty,2110
raise,2110
prepare,2109
avatar,2107
illegal,2105
expansion,2104
vary,2103
rome,2102
arab,2102
lincoln,2101
premier,2099
tomorrow,2098
milk,2096
decide,2095
consent,2094
drama,2094
downtown,2090
keyboard,2089
contest,2086
collected,2085
nw,2084
boot,2082
suitable,2082
ff,2082
absolutely,2082
lunch,2081
audit,2079
push,2078
chamber,2077
guinea,2076
muscle,2075
iso,2073
implement,2072
typical,2069
tower,2069
yours,2067
sum,2067
misc,2067
calculator,2066
significantly,2066
chicken,2066
temporary,2065
attend,2064
shower,2064
jason,2062
tonight,2061
dear,2061
sufficient,2061
shell,2060
province,2059
catholic,2058
oak,2058
vat,2055
awareness,2053
vancouver,2050
governor,2049
beer,2049
contribution,2047
measurement,2046
swimming,2046
spyware,2044
formula,2043
constitution,2043
packaging,2043
solar,2042
catch,2040
jane,2040
pakistan,2037
ps,2036
reliable,2035
consultation,2035
northwest,2034
sir,2034
doubt,2031
earn,2031
finder,2030
unable,2030
classroom,2027
democracy,2026
wallpaper,2024
merchandise,2024
resistance,2023
doors,2023
memorial,2016
visitor,2016
twin,2015
forth,2015
insert,2014
baltimore,2013
gateway,2012
ky,2010
alumni,2007
drawing,2007
ordered,2005
biological,2004
fighting,2004
transition,2003
spy,2002
romance,2002
instrument,2000
split,2000
heaven,1997
br,1997
pregnant,1995
twice,1995
classification,1993
egypt,1993
physician,1993
hollywood,1992
bargain,1991
wikipedia,1991
cellular,1991
norway,1990
vermont,1990
normally,1988
lo,1986
spiritual,1985
hunting,1983
diabetes,1983
suit,1982
ml,1981
shift,1981
chip,1981
sit,1980
cutting,1978
wow,1978
flexible,1973
favourites,1971
numerous,1971
relatively,1969
satisfaction,1968
char,1967
pittsburgh,1965
superior,1965
preferred,1964
cartoon,1962
intellectual,1959
granted,1958
carbon,1955
spending,1952
comfortable,1952
magnetic,1952
interaction,1952
effectively,1951
registry,1950
crisis,1947
outlook,1946
massive,1945
denmark,1945
bright,1945
treat,1944
header,1944
poverty,1943
piano,1942
echo,1941
grid,1939
experimental,1936
revolution,1935
consolidation,1934
plasma,1933
earnings,1929
voip,1928
mystery,1928
landscape,1927
dependent,1926
mechanical,1925
journey,1924
delaware,1923
bidding,1922
banner,1920
applicant,1920
charter,1919
fig,1919
cooperation,1918
acquisition,1917
sf,1916
notification,1912
kg,1910
teach,1908
rapid,1907
pull,1906
hairy,1906
diversity,1905
cleveland,1904
ut,1904
reverse,1903
deposit,1903
seminar,1902
latina,1901
nasa,1901
specify,1900
dutch,1900
sensitive,1898
tab,1898
boots,1897
router,1896
concrete,1895
poland,1894
folder,1894
completion,1891
upload,1890
pulse,1889
technique,1883
calculate,1877
mc,1876
detroit,1875
broadcast,1874
metro,1874
toshiba,1874
anniversary,1873
strip,1871
specification,1871
pearl,1871
accident,1870
nick,1870
accessible,1870
accessory,1869
resident,1869
plot,1868
possibly,1867
airline,1867
typically,1866
representation,1865
regard,1865
pump,1864
smooth,1863
strike,1862
consumption,1862
birmingham,1861
lp,1859
narrow,1858
afternoon,1856
threat,1855
sitting,1852
consultant,1852
controller,1851
ownership,1851
legislative,1848
vietnam,1847
trailer,1846
castle,1846
gardens,1845
malaysia,1844
unsubscribe,1844
antique,1843
willing,1842
bio,1841
acting,1841
heads,1840
exam,1837
residence,1836
density,1835
hundred,1834
strange,1832
sustainable,1831
philippines,1831
statistical,1831
mention,1829
innovation,1828
grey,1828
parallel,1827
honda,1826
operate,1825
bold,1824
bathroom,1824
stable,1823
opera,1823
lesson,1818
cinema,1818
asset,1818
scan,1817
drinking,1816
reaction,1815
blank,1815
enhanced,1814
severe,1814
generate,1814
deluxe,1809
aged,1806
exception,1805
duration,1805
bulk,1803
indonesia,1801
pursuant,1800
sci,1800
fabric,1799
edt,1799
primarily,1798
tight,1798
contrast,1796
recommendation,1795
flying,1795
recruitment,1794
sin,1794
berlin,1793
cute,1791
organized,1790
ba,1789
para,1786
siemens,1786
adoption,1786
cr,1785
expensive,1784
meant,1783
capture,1782
buffalo,1781
plane,1780
pg,1780
seed,1779
desire,1778
expertise,1778
mechanism,1777
camping,1777
ee,1776
jewellery,1776
welfare,1776
peer,1775
caught,1775
eventually,1773
marked,1772
driven,1772
measured,1772
bottle,1772
considering,1770
innovative,1769
massage,1768
rubber,1768
conclusion,1767
closing,1766
tampa,1765
thousand,1765
meat,1765
legend,1765
grace,1764
ing,1764
ks,1762
python,1761
monster,1761
bang,1760
villa,1759
bone,1758
collaboration,1757
hamilton,1756
detection,1756
ftp,1756
inner,1755
formation,1755
tutorial,1753
med,1753
entity,1752
gate,1750
holder,1749
moderator,1749
sw,1748
settlement,1748
portugal,1747
roman,1743
valuable,1743
tone,1740
ethics,1738
forever,1738
dragon,1738
busy,1738
captain,1737
fantastic,1737
imagine,1736
heating,1736
leg,1736
neck,1735
hd,1735
wing,1735
purchasing,1734
abc,1732
stereo,1732
taste,1731
dealing,1730
commit,1730
tiny,1730
operational,1729
rail,1729
liberal,1729
jay,1729
gap,1727
tube,1727
corresponding,1726
cache,1725
belt,1725
jacket,1725
determination,1724
animation,1722
oracle,1721
er,1721
lease,1718
aviation,1718
proud,1717
excess,1715
disaster,1714
console,1712
jr,1711
telecommunications,1711
instructor,1710
giant,1710
seats,1707
biz,1707
alarm,1706
voltage,1706
nintendo,1705
usual,1704
loading,1704
angle,1702
rob,1702
vinyl,1701
highlights,1700
mining,1700
melbourne,1699
ongoing,1698
worst,1698
imaging,1696
betting,1696
liberty,1695
wyoming,1694
blackjack,1694
argentina,1694
era,1693
convert,1693
possibility,1693
analyst,1692
commissioner,1692
dangerous,1691
garage,1691
exciting,1690
gcc,1687
unfortunately,1686
respectively,1684
attachment,1683
ringtone,1682
finland,1681
pleasure,1680
honor,1679
asp,1679
oriented,1679
eagle,1679
pants,1677
columbus,1677
nurse,1677
prayer,1676
appointment,1676
hurricane,1676
quiet,1675
luck,1673
postage,1673
producer,1673
dial,1671
cheese,1670
comic,1670
carefully,1668
jet,1667
productivity,1667
crown,1665
par,1665
underground,1664
diagnosis,1664
maker,1664
crack,1663
principle,1663
gang,1662
semester,1661
calculated,1661
fetish,1660
appearance,1657
smoke,1657
apache,1655
incorporated,1653
nv,1653
craft,1653
cake,1653
apart,1651
fellow,1650
blind,1649
lounge,1647
mad,1647
algorithm,1646
semi,1645
gross,1644
strongly,1643
cafe,1643
valentine,1642
hilton,1642
horror,1640
familiar,1639
capable,1638
douglas,1638
till,1638
pen,1637
admission,1636
shoe,1634
victory,1633
sand,1633
madison,1632
terrorism,1632
joy,1632
cpu,1630
mainly,1630
ethnic,1630
ran,1629
parliament,1629
actor,1628
seal,1627
fifth,1626
citizen,1625
vertical,1623
structural,1623
municipal,1621
prize,1620
sr,1620
absolute,1620
anytime,1619
substance,1619
pipe,1618
nr,1617
guardian,1617
lecture,1617
simulation,1616
layout,1616
ill,1614
concentration,1613
classics,1613
lay,1612
interpretation,1611
lol,1610
dirty,1610
deck,1609
donate,1609
taught,1608
bankruptcy,1608
mp,1607
worker,1607
alive,1606
temple,1605
prove,1605
genetic,1604
waters,1602
promise,1602
thin,1601
exhibition,1601
prefer,1601
ridge,1599
cabinet,1599
modem,1598
mph,1598
sick,1597
dose,1596
evaluate,1596
tropical,1594
collect,1594
bet,1594
composition,1594
toyota,1594
nationwide,1593
vector,1592
definitely,1592
turning,1591
buffer,1590
purple,1590
existence,1590
commentary,1590
def,1589
immigration,1588
mutual,1587
pipeline,1587
necessarily,1587
syntax,1584
attribute,1584
prison,1584
skill,1584
everyday,1582
apparently,1582
surrounding,1580
popularity,1579
inquiry,1578
ethernet,1578
checked,1576
exhibit,1576
throw,1575
trend,1575
sierra,1574
visible,1574
cats,1574
desert,1573
ya,1572
nba,1571
coordinator,1570
obviously,1570
mercury,1570
handbook,1569
navigate,1568
worse,1568
summit,1568
epa,1566
fundamental,1564
burning,1564
escape,1563
somewhat,1562
receiver,1562
substantial,1562
progressive,1561
glance,1557
scottish,1557
championship,1556
arcade,1555
richmond,1555
sacramento,1555
impossible,1555
obvious,1553
fiber,1553
depression,1553
graph,1553
covering,1552
platinum,1550
judgment,1549
talks,1548
filing,1548
foster,1548
passing,1547
trials,1545
tissue,1545
nz,1545
memorabilia,1544
bonds,1543
cartridge,1541
alberta,1541
explanation,1540
folk,1540
cincinnati,1539
subsection,1538
fraud,1538
electricity,1538
spectrum,1537
arrival,1537
pottery,1536
emphasis,1536
roger,1535
aspect,1535
workplace,1535
awesome,1535
mexican,1535
crash,1530
lift,1529
inter,1527
shadow,1522
riding,1521
infection,1521
expense,1519
grove,1519
venture,1519
clinic,1519
healing,1517
princess,1517
mall,1517
packet,1516
spray,1515
involvement,1514
dad,1514
buttons,1513
placement,1512
extend,1510
subsequent,1509
pat,1509
dublin,1509
rolling,1509
fell,1508
motorcycle,1508
yard,1508
disclosure,1507
establishment,1507
tourist,1505
av,1504
mayor,1503
murder,1503
adequate,1502
senator,1502
yield,1502
pour,1500
digest,1500
reg,1500
lodging,1500
tion,1499
dust,1499
hence,1499
wiki,1499
entirely,1499
radar,1498
rescue,1498
undergraduate,1498
combat,1497
occupation,1496
closely,1493
radiation,1492
diary,1492
seriously,1492
shooting,1489
kent,1489
ear,1487
baker,1486
elsewhere,1485
pollution,1485
conservative,1485
shock,1485
abroad,1484
ebony,1483
tie,1483
ward,1483
drawn,1483
arthur,1483
ian,1481
roof,1481
walker,1481
demonstrate,1481
atmosphere,1480
kiss,1479
beast,1479
ra,1479
experiment,1478
overseas,1477
dodge,1477
counsel,1477
federation,1476
pizza,1476
assignment,1472
mod,1470
rc,1469
bmw,1469
rush,1468
ukraine,1468
absence,1468
cluster,1467
mpeg,1467
whereas,1466
yoga,1466
surprise,1464
lamp,1464
partial,1464
phil,1464
everybody,1463
nashville,1463
ranking,1462
http,1461
ceo,1461
sublime,1460
palace,1459
acceptable,1459
satisfied,1459
glad,1459
verify,1456
globe,1455
copper,1454
milwaukee,1454
rack,1453
medication,1453
warehouse,1453
shareware,1453
ec,1452
rep,1452
kerry,1451
receipt,1451
supposed,1450
ordinary,1449
nobody,1449
ghost,1449
violation,1447
configure,1446
stability,1446
mit,1445
southwest,1444
boss,1444
pride,1443
institutional,1442
expectations,1442
independence,1441
knowing,1441
reporter,1440
metabolism,1439
champion,1439
cloudy,1438
personally,1437
chile,1437
plenty,1436
solo,1436
sentence,1436
throat,1435
ignore,1435
uniform,1435
excellence,1433
wealth,1433
tall,1432
somewhere,1432
vacuum,1432
recognize,1430
brass,1430
plaza,1427
survival,1426
quest,1426
publish,1426
screening,1425
toe,1425
thumbnail,1425
trans,1424
whenever,1423
nova,1423
lifetime,1423
api,1423
pioneer,1423
forgotten,1421
acrobat,1421
venue,1420
athletic,1419
thermal,1419
behaviour,1418
vital,1417
telling,1416
fairly,1415
coastal,1415
cf,1415
charity,1414
intelligent,1414
edinburgh,1414
vt,1413
excel,1413
obligation,1412
wake,1412
stupid,1412
hungary,1411
segment,1410
realize,1410
regardless,1410
lan,1409
enemy,1408
puzzle,1408
rising,1408
insight,1407
sms,1407
restricted,1406
republican,1406
lucky,1405
latter,1404
thick,1403
repeat,1402
syndrome,1402
attendance,1402
penalty,1402
drum,1402
glasses,1401
nec,1400
builder,1399
vista,1399
chips,1398
flood,1398
ease,1397
amsterdam,1397
arena,1397
announcement,1395
outcome,1394
appreciate,1394
casual,1393
grown,1393
polish,1393
lovely,1392
gm,1392
clause,1391
smile,1389
ri,1389
troops,1388
indoor,1387
bulgaria,1387
armed,1387
broker,1387
charger,1386
regularly,1386
pine,1384
tend,1384
gulf,1383
rick,1382
divorce,1380
shopper,1380
tokyo,1379
partly,1379
nikon,1379
customize,1378
tradition,1377
candy,1377
tiger,1376
folks,1376
sensor,1376
exposed,1376
telecom,1376
hunt,1375
deputy,1375
sealed,1373
thai,1373
loaded,1371
complaint,1370
afghanistan,1368
dd,1368
boost,1368
spanking,1367
scholarship,1367
governance,1366
mill,1366
chronic,1365
moral,1364
den,1364
catering,1364
finger,1363
pound,1362
locate,1362
camcorder,1361
pl,1361
burn,1360
ourselves,1358
bread,1358
tobacco,1357
wooden,1356
tough,1356
incident,1355
gonna,1354
dynamics,1353
lie,1353
crm,1353
conversation,1353
decrease,1352
chest,1352
pension,1352
billy,1352
emerging,1350
worship,1350
capability,1349
ak,1349
fe,1348
herself,1348
precision,1347
damages,1346
reserves,1346
solve,1345
shorts,1345
reproduction,1344
minority,1344
diverse,1343
amp,1342
ah,1341
johnny,1340
sole,1340
franchise,1340
recorder,1339
facing,1339
passion,1337
sight,1336
laid,1336
clay,1336
defence,1336
weak,1335
refund,1334
blvd,1332
reception,1332
wise,1330
cyprus,1329
wv,1328
odds,1328
insider,1328
consequences,1327
geography,1326
integrity,1325
worry,1324
discrimination,1324
eve,1324
carter,1324
legacy,1322
pleased,1322
danger,1321
vitamin,1320
widely,1320
processed,1319
phrase,1319
genuine,1319
functionality,1319
paradise,1319
hybrid,1317
intermediate,1316
emotional,1316
leaf,1316
pad,1316
glory,1316
platforms,1316
billing,1315
diesel,1315
versus,1315
combine,1314
overnight,1314
exceed,1314
bs,1313
rod,1312
saudi,1312
fault,1311
cuba,1311
hrs,1311
preliminary,1311
introduce,1310
silk,1310
promotional,1308
chevrolet,1307
bi,1307
romantic,1306
generator,1304
examine,1303
jimmy,1303
suspension,1303
bristol,1302
compaq,1302
sad,1301
correction,1301
wolf,1300
slowly,1300
communicate,1299
rugby,1299
supplement,1299
cal,1297
infant,1296
fluid,1294
grounds,1294
kick,1294
regards,1294
meal,1294
ta,1294
hurt,1294
machinery,1294
bandwidth,1294
unlike,1293
equation,1293
probability,1293
pot,1293
dimension,1293
proven,1292
admissions,1291
warren,1289
slip,1289
studied,1288
reviewer,1288
quarterly,1288
rpm,1287
devil,1287
grass,1287
comply,1287
florist,1286
cherry,1286
continental,1285
alternate,1285
achievement,1285
kenya,1284
webcam,1284
funeral,1283
automated,1282
pee,1281
charlie,1281
quebec,1281
passenger,1280
convenient,1280
mars,1279
manga,1277
socket,1277
silent,1277
literary,1277
egg,1277
mhz,1276
caps,1276
orientation,1275
pill,1275
theft,1274
childhood,1274
swing,1273
lat,1273
meta,1273
facial,1272
talent,1271
dated,1271
flexibility,1270
seeker,1270
wisdom,1270
shoot,1270
boundary,1270
mint,1269
offset,1269
payday,1268
elite,1267
gi,1267
spin,1267
swedish,1266
deadline,1266
jurisdiction,1266
robot,1266
witness,1264
powder,1263
broadway,1262
assess,1261
wash,1261
entrance,1261
gnome,1261
roots,1261
declaration,1261
noble,1260
glasgow,1260
automation,1259
rev,1258
gospel,1257
shore,1257
ll,1256
knight,1256
loose,1256
recipient,1256
extensions,1255
cl,1255
illness,1254
athletics,1253
southeast,1252
ho,1252
pending,1251
lebanon,1250
corp,1250
kennedy,1249
gt,1249
sh,1249
conditioning,1249
teenage,1249
soap,1249
triple,1248
cooper,1248
nyc,1248
jam,1247
secured,1246
unusual,1246
destruction,1245
increasingly,1244
migration,1244
disorder,1244
routine,1244
toolbar,1244
basically,1243
rocks,1243
conventional,1243
titans,1241
wearing,1240
axis,1240
sought,1240
mounted,1239
habitat,1239
firewall,1239
median,1238
scanner,1238
herein,1237
occupational,1237
animated,1237
judicial,1236
adjustment,1234
hero,1234
integer,1234
bachelor,1234
attitude,1233
engaged,1233
basics,1232
montreal,1231
carpet,1231
rv,1230
binary,1229
genetics,1229
difficulty,1228
punk,1228
collective,1228
coalition,1227
pi,1227
duke,1225
ai,1225
pace,1225
besides,1225
wage,1224
ot,1223
collector,1223
arc,1223
atlas,1222
dawn,1222
observation,1222
torture,1221
coat,1221
mrs,1221
restoration,1220
convenience,1220
opposition,1218
container,1218
yr,1218
defendant,1217
confirmation,1216
app,1216
supervisor,1215
wizard,1215
corps,1215
liver,1214
liable,1213
brochure,1212
morris,1212
petition,1212
eminem,1212
recall,1212
antenna,1212
picked,1211
departure,1211
minneapolis,1211
belief,1211
killing,1211
bikini,1211
memphis,1210
shoulder,1210
decor,1210
harvard,1209
ion,1207
diameter,1206
ottawa,1205
doll,1205
ic,1204
podcast,1204
peru,1203
refine,1203
bidder,1202
singer,1202
herald,1202
literacy,1202
aging,1201
nike,1201
intervention,1201
fed,1201
attraction,1200
diving,1200
invite,1199
modification,1199
suppose,1198
reed,1198
involve,1198
moderate,1198
terror,1198
thirty,1197
mice,1197
opposite,1197
understood,1196
rapidly,1196
ban,1194
temp,1194
intro,1194
mercedes,1194
assurance,1193
clerk,1192
happening,1192
vast,1192
outline,1191
holland,1190
jeans,1190
metropolitan,1190
compilation,1189
ent,1187
odd,1187
wrap,1187
mood,1187
favor,1187
quiz,1187
gr,1186
attractive,1186
occasion,1185
victim,1184
demands,1184
careful,1184
ext,1183
beam,1183
gardening,1182
arrive,1181
orchestra,1181
sunset,1180
moreover,1180
minimal,1179
lottery,1178
tops,1177
aside,1177
outsourcing,1177
licence,1176
adjustable,1176
allocation,1176
essay,1175
discipline,1173
dialogue,1172
alphabetical,1172
declared,1171
aaron,1170
handheld,1170
trace,1170
disposal,1169
shut,1169
romania,1167
voluntary,1167
ncaa,1167
thou,1167
consult,1167
phd,1167
greatly,1166
mask,1165
cycling,1165
midnight,1165
commonly,1164
pe,1164
photographer,1164
inform,1164
turkish,1163
coal,1163
cry,1162
messaging,1162
pentium,1161
quantum,1161
intent,1160
tt,1159
zoo,1159
largely,1159
pleasant,1159
announce,1158
spoke,1158
aka,1157
arrow,1156
engagement,1156
sampling,1156
rough,1156
weird,1156
tee,1154
refinance,1154
lion,1153
inspired,1153
blade,1153
suddenly,1152
oxygen,1152
cookie,1152
canyon,1152
merely,1149
arrangement,1149
bibliography,1148
pointer,1148
compatibility,1147
stretch,1146
durham,1146
furthermore,1146
cooperative,1145
muslim,1145
xl,1145
sleeve,1144
cleaner,1144
cricket,1144
beef,1144
stroke,1144
township,1144
cad,1143
robin,1142
strap,1141
headquarters,1141
crowd,1141
tcp,1141
surf,1140
olympic,1140
transformation,1140
customs,1137
personality,1136
rainbow,1136
hook,1136
roulette,1136
decline,1135
israeli,1134
medicare,1134
cord,1134
skiing,1134
cloud,1134
facilitate,1133
subscriber,1133
valve,1133
proceed,1131
feelings,1130
knife,1130
jamaica,1129
shelf,1129
bookstore,1129
timing,1128
parenting,1128
adopt,1127
incredible,1126
freeware,1126
donation,1125
outer,1125
crop,1124
commonwealth,1123
pharmaceutical,1123
manhattan,1123
workforce,1122
islam,1121
fy,1120
lite,1120
hub,1119
organizational,1119
skype,1119
twelve,1118
founder,1118
decade,1118
rr,1117
dispute,1116
portuguese,1116
tired,1116
adverse,1116
everywhere,1115
excerpt,1115
steam,1114
discharge,1114
drinks,1114
ace,1113
acute,1113
halloween,1112
climbing,1112
stood,1112
sing,1111
tons,1111
perfume,1111
carol,1111
honest,1111
albany,1111
hazardous,1110
restore,1109
stack,1109
methodology,1109
somebody,1109
sue,1109
housewares,1108
reputation,1108
resistant,1108
recycling,1108
hang,1108
curve,1107
creator,1107
amber,1107
coding,1106
tracker,1105
variation,1104
passage,1103
trunk,1102
hiking,1102
lb,1102
pierre,1102
headset,1101
photograph,1101
colombia,1101
camel,1101
distributor,1100
underlying,1100
hood,1100
wrestling,1100
suicide,1100
jp,1099
arabia,1098
gathering,1098
projection,1098
juice,1097
chase,1097
mathematical,1097
logical,1097
sauce,1097
fame,1096
extract,1096
specialized,1096
diagnostic,1096
panama,1095
indianapolis,1095
payable,1095
courtesy,1095
criticism,1094
automobile,1094
confidential,1094
statutory,1093
athens,1093
northeast,1093
seo,1092
retired,1091
isp,1091
remarks,1091
nissan,1089
bracelet,1089
ins,1089
juvenile,1088
injection,1087
yorkshire,1087
protective,1086
afraid,1086
acoustic,1086
railway,1085
cassette,1085
initially,1085
indicator,1085
pointed,1085
mistake,1084
eliminate,1084
fusion,1083
mineral,1083
sunglasses,1083
ruby,1083
steering,1083
fortune,1082
preference,1082
canvas,1082
threshold,1082
parish,1081
cemetery,1080
planner,1080
croatia,1080
stadium,1080
venezuela,1080
exploration,1080
coupon,1079
ssl,1078
stem,1078
proxy,1077
astronomy,1077
opt,1076
drew,1076
flu,1076
translate,1076
costume,1075
berkeley,1075
killer,1075
rap,1073
tune,1073
bishop,1073
corn,1072
gp,1072
seasonal,1071
farmer,1071
constitutional,1070
grew,1070
perfectly,1070
tin,1070
slave,1069
instantly,1069
norfolk,1069
coaching,1069
trek,1069
litigation,1068
oem,1067
ir,1066
broadcasting,1066
horizontal,1066
artwork,1065
cosmetic,1065
portrait,1065
terrorist,1065
ethical,1064
mobility,1064
floral,1064
struggle,1064
suffering,1063
neutral,1063
rat,1063
prospective,1062
bedding,1061
ultimately,1061
heading,1060
equally,1060
artificial,1060
bearing,1060
spectacular,1060
coordination,1060
connector,1060
brad,1060
combo,1059
guilty,1059
naturally,1058
haven,1057
tablet,1057
jury,1057
dos,1056
tail,1056
charm,1055
lawn,1055
violent,1055
mitsubishi,1055
underwear,1055
basin,1054
soup,1054
potentially,1054
ranch,1054
crossing,1053
inclusive,1052
cottage,1052
drunk,1052
considerable,1052
byte,1051
toner,1051
nose,1051
latex,1050
delhi,1049
alien,1049
pantyhose,1047
plc,1046
broke,1046
nepal,1046
zimbabwe,1046
complexity,1045
msg,1044
constantly,1044
resolve,1044
barcelona,1043
presidential,1043
documentary,1043
cod,1043
moscow,1042
thesis,1042
thru,1041
nylon,1041
palestinian,1041
rocky,1040
frequent,1040
trim,1040
nigeria,1039
ceiling,1039
hispanic,1038
cv,1038
cb,1038
legislature,1038
hospitality,1037
gen,1037
anybody,1037
procurement,1037
espn,1037
fleet,1036
untitled,1036
bunch,1036
marriott,1035
singing,1035
theoretical,1035
afford,1035
referral,1034
nhl,1034
surveillance,1033
optimal,1033
quit,1032
distinct,1032
lung,1032
highlight,1032
substitute,1031
inclusion,1031
hopefully,1030
brilliant,1030
turner,1030
reuters,1030
ti,1030
fc,1029
gel,1029
spoken,1029
omega,1029
civic,1028
termination,1027
saver,1026
thereof,1026
grill,1025
redeem,1025
grain,1024
aaa,1024
authentic,1024
regime,1023
wanna,1023
bull,1023
montgomery,1023
louisville,1023
depend,1022
differ,1022
macintosh,1022
breath,1021
virtually,1020
mart,1019
candle,1019
hanging,1019
authorization,1019
tale,1019
formerly,1018
projector,1018
bp,1018
situated,1018
comparative,1018
std,1018
herbal,1017
loving,1017
strictly,1017
psychological,1016
surprised,1016
retailer,1014
elegant,1014
renewal,1013
genealogy,1013
opposed,1013
expenditure,1012
brooklyn,1012
liverpool,1012
connectivity,1011
hacker,1011
madrid,1010
similarly,1010
margin,1010
coin,1010
solely,1009
fake,1009
salon,1008
collaborative,1006
norman,1006
fda,1006
excluding,1006
turbo,1006
headed,1006
cure,1005
madonna,1004
commander,1004
arch,1004
ni,1004
suggestion,1003
soldier,1003
bomb,1003
harm,1003
interval,1003
spotlight,1002
reset,1002
brush,1002
investigate,1002
thy,1002
repeated,1002
assault,1001
spare,1001
logistics,1001
deer,1001
kodak,1001
tongue,1000
bowling,1000
tri,1000
danish,999
pal,999
monkey,998
proportion,998
filename,998
skirt,998
florence,998
invest,998
honey,998
um,998
significance,997
scenario,997
ye,997
fs,997
atomic,996
approx,995
symposium,995
arabic,995
gauge,995
junction,995
mat,994
oven,993
intensive,992
kingston,992
sixth,992
engage,992
deviant,992
noon,992
switching,992
quoted,992
correspondence,991
supervision,990
cheat,990
bronze,990
sandy,990
separation,990
testimony,989
suspect,989
macro,989
sender,989
mandatory,988
crucial,988
syndication,987
gym,987
celebration,987
adjacent,987
tuition,986
spouse,986
exotic,986
viewer,986
luxembourg,985
damaged,983
receptor,982
laugh,982
surgical,981
destroy,981
citation,981
pitch,980
yo,979
premises,979
perry,979
offensive,978
imperial,978
dozen,978
teeth,977
cloth,976
stamp,976
lotus,976
salmon,976
olympus,975
separated,975
cargo,975
tan,975
directive,975
fx,974
salem,974
mate,973
starter,973
butter,973
pepper,973
weapon,972
luggage,972
burden,972
chef,972
isle,971
stylish,971
slim,971
maple,970
grocery,970
offshore,969
governing,969
depot,969
comp,968
alt,968
pie,968
blend,968
occasionally,967
cbs,967
emission,967
spec,967
realty,967
bow,966
apparent,965
instructional,965
autumn,965
probe,964
midi,964
biotechnology,963
toilet,962
packed,961
excited,961
outreach,960
mounting,960
recover,960
balanced,959
prescribed,959
timely,958
debug,958
chuck,957
hon,957
dale,957
explicit,957
calculation,956
exclude,956
oils,954
sept,954
exceptional,954
anxiety,954
bingo,954
whilst,954
spatial,954
unto,953
lt,953
prompt,953
precious,953
annually,953
atm,951
sunny,950
queensland,949
necklace,949
leeds,949
composite,949
unavailable,949
cedar,948
advocacy,948
raleigh,948
stud,948
fold,948
essentially,947
uv,947
qualify,947
mason,946
diagram,946
footwear,945
beijing,945
victor,945
pos,945
attach,944
spider,944
sensitivity,943
preservation,943
isolated,942
calgary,942
interim,942
divine,941
streaming,941
approve,941
chose,941
compound,941
intensity,941
technological,940
syndicate,940
abortion,940
blast,939
wellness,938
calcium,938
newport,938
pole,938
shield,937
harvest,937
membrane,937
prague,937
bangladesh,937
constitute,936
locally,936
desperate,935
iceland,935
demonstration,935
governmental,935
graduation,935
mega,935
bend,934
sailing,934
sacred,933
addiction,933
morocco,933
chrome,933
tommy,933
brake,932
exterior,932
greeting,932
ecology,932
congo,931
glen,931
botswana,931
nav,931
synthesis,930
olive,930
unemployment,929
cyber,929
verizon,929
newcastle,928
clone,928
velocity,928
relay,928
composed,927
oasis,927
baseline,927
cab,927
angry,927
fa,927
silicon,926
brazilian,925
identical,925
petroleum,925
compete,925
ist,924
lover,923
belong,923
honolulu,923
beatles,923
retention,923
pond,922
soundtrack,922
malta,921
daddy,921
ferry,921
rabbit,921
profession,921
seating,921
dam,920
cnn,920
physiology,920
tire,919
participant,919
dominican,918
chad,918
electron,918
friendship,918
heather,917
passport,917
motel,917
treasury,917
warrant,917
frozen,917
occupied,917
josh,916
royalty,916
scales,916
rally,916
observer,916
sunshine,915
strain,915
drag,915
ceremony,915
somehow,915
provincial,914
ripe,914
yamaha,913
hebrew,913
dying,912
laundry,912
stuck,912
solomon,912
placing,912
homework,912
adjust,912
advertiser,911
enabling,911
filling,910
downloadable,910
sophisticated,910
silence,910
scsi,910
soviet,910
possession,909
cu,909
treaty,909
vocal,908
trainer,908
organ,908
advances,907
lemon,907
toxic,907
darkness,906
pty,906
nuts,905
nail,905
vienna,905
implied,905
span,905
stanford,905
sox,905
joke,904
respondent,904
packing,904
statute,904
satisfy,903
shelter,903
chapel,903
manufacture,902
celebrate,901
accredited,901
appliance,901
bahamas,900
mixture,900
bench,899
univ,899
tub,899
rider,899
radius,899
mortality,898
logging,898
borders,897
therapeutic,897
bobby,896
impressive,896
sheep,896
accordingly,896
architect,895
railroad,895
challenging,894
nursery,894
ash,893
microwave,893
stuart,893
salad,892
tender,892
foam,892
paste,891
discretion,891
tanzania,891
preserve,891
jvc,891
poem,891
unsigned,890
cosmetics,890
easter,890
repository,889
praise,889
venice,889
estonia,889
christianity,889
veteran,889
landing,888
signing,888
realistic,887
cgi,887
showcase,887
integral,887
relax,886
namibia,885
synopsis,885
hardly,885
prairie,884
reunion,884
composer,884
bean,884
sword,884
absent,883
photographic,883
ecuador,883
spirits,882
coral,882
pixel,881
float,881
bias,881
bubble,881
acquire,880
contrary,880
millennium,880
tribune,880
vessel,879
dairy,878
admit,878
fancy,878
equality,878
samoa,878
tap,877
reactions,876
leasing,875
companion,875
squad,874
analyze,874
scroll,874
relate,874
swim,874
additionally,874
suffer,873
fellowship,873
nano,872
invalid,872
martial,871
victorian,871
retain,870
colours,870
execute,870
tunnel,870
cambodia,869
chaos,869
lithuania,869
mastercard,869
wheat,869
beaver,868
distribute,868
decorative,867
confused,867
compiler,867
enlargement,867
bases,866
accused,866
bee,866
unity,866
loud,865
conjunction,865
bride,865
rats,865
indigenous,864
begun,864
cfr,864
brunette,864
anchor,863
parade,863
corruption,863
trigger,863
cholesterol,862
essex,862
slovenia,862
differential,862
dramatic,861
terrible,861
pendant,860
baptist,860
scientist,860
arthritis,860
nevertheless,859
taxation,858
fever,858
cuisine,858
surely,857
transcript,857
myspace,857
theorem,857
inflation,857
thee,856
nb,856
pray,856
stylus,856
pope,856
structured,855
reasonably,855
jeep,855
bare,855
hung,854
cattle,854
mba,854
radical,854
rover,854
controlling,854
treasure,853
reload,853
flame,853
assuming,853
monetary,852
elderly,852
pit,852
mono,852
floating,852
extraordinary,851
tile,851
bolivia,851
spell,851
coordinate,850
kuwait,850
exclusively,850
alleged,850
limitation,849
widescreen,849
compile,849
struck,849
rx,849
illustration,848
plymouth,848
construct,847
bridal,847
annex,847
mag,846
gsm,846
inspiration,846
tribal,846
curious,846
affecting,846
freight,845
rebate,845
eclipse,845
sudan,845
shuttle,844
aggregate,844
stunning,844
detect,843
actively,843
ciao,843
knee,843
prep,843
complicated,842
butler,842
injured,841
payroll,841
cookbook,841
ton,841
courier,840
collapse,839
americas,839
unlikely,839
gif,838
techno,838
beverage,838
tribute,837
wired,837
immune,837
latvia,836
forestry,836
cant,836
jd,836
rarely,836
infected,836
martha,836
genesis,835
barrier,835
argue,835
incorrect,835
bicycle,834
furnishings,834
letting,834
arise,834
guatemala,834
celtic,833
thereby,833
particle,833
perception,833
advise,833
humidity,832
boxing,832
wy,832
bangkok,832
renaissance,832
pathology,831
bra,831
ordinance,831
chess,829
brisbane,829
survive,829
oscar,829
duck,828
reveal,828
canal,828
cow,827
manitoba,827
analytical,827
lying,826
strict,826
dive,825
circulation,825
drill,825
offense,825
protest,824
assumption,824
jerusalem,824
hobby,824
invention,823
nickname,823
fiji,822
technician,822
washing,821
audi,821
cognitive,821
trick,821
enquiry,821
closure,821
raid,821
timber,821
volt,820
intense,820
div,820
playlist,820
registrar,820
ruling,820
steady,819
dirt,819
withdrawal,819
saskatchewan,819
cancellation,818
screw,818
publicly,817
hourly,817
blame,817
geneva,817
veterinary,816
reseller,816
intake,815
informal,814
relevance,814
incentive,814
butterfly,814
tucson,814
mechanics,814
heavily,814
fifty,813
numerical,813
ons,813
geek,813
uncle,813
reflection,812
sink,812
assure,812
invitation,812
devoted,812
jacob,811
sodium,811
randy,811
spirituality,811
hormone,811
meanwhile,811
proprietary,810
brick,809
grip,809
naval,809
medieval,809
porcelain,809
watt,808
decent,808
casting,807
shortly,807
pins,806
reno,806
warrior,806
diploma,805
cabin,805
innocent,805
ide,805
consensus,805
polo,804
valium,804
cordless,804
horn,804
uganda,804
journalism,803
trivia,802
adidas,802
perth,802
frog,802
grammar,802
intention,802
syria,801
disagree,801
hazard,800
retro,800
leo,800
statewide,800
semiconductor,799
boolean,799
circular,799
anger,799
diy,799
mainland,799
interact,798
snap,798
happiness,798
substantially,797
bizarre,797
ur,796
auckland,796
identifier,796
geo,795
ribbon,795
doe,795
jpeg,795
startup,795
suzuki,794
handy,794
swap,794
exempt,794
accomplished,793
geometry,793
impression,793
abs,793
slovakia,792
flip,792
guild,792
correlation,792
gorgeous,792
capitol,792
sim,792
rna,792
barbados,791
chrysler,791
nervous,791
refuse,791
fragrance,790
replica,790
plumbing,790
brussels,789
tribe,789
superb,789
buzz,789
transparent,789
nuke,788
trinity,788
boom,787
calm,787
inappropriate,785
exhaust,785
shanghai,785
vocational,785
farming,784
fork,784
troy,784
roller,784
batch,784
organize,783
alter,783
latino,783
ghana,783
skilled,782
fitted,782
albuquerque,782
harmony,782
distinguished,782
asthma,782
developmental,781
rip,781
triangle,781
amend,781
oriental,780
reward,780
windsor,780
zambia,779
gmbh,779
hydrogen,778
sprint,778
comparable,777
chick,777
advocate,777
confusion,775
tray,775
genome,775
thong,775
medal,775
harbour,774
sol,774
sage,774
knives,774
eco,774
vulnerable,773
arrange,773
artistic,773
bat,773
booth,772
indie,772
unified,772
breed,772
detector,772
polar,772
fallen,771
precise,771
sussex,771
respiratory,771
mainstream,771
invoice,771
lip,770
subcommittee,770
sap,769
gather,769
maternity,769
colonial,768
embassy,767
cave,767
slight,766
proceeds,766
indirect,766
wool,766
arrest,765
volleyball,765
mw,765
nu,764
deeply,764
toolbox,764
ict,764
marina,764
liabilities,763
bosnia,763
patio,763
dp,763
tolerance,763
surfing,763
creativity,763
optics,762
pursue,762
lightning,762
overcome,762
ou,761
grab,761
inspector,761
attract,761
brighton,761
disable,761
snake,761
succeed,761
oops,760
reminder,760
ht,758
karaoke,757
trap,757
lonely,757
fool,757
ve,756
hereby,756
observe,756
berry,755
collar,755
racial,755
integrate,755
bermuda,755
sociology,754
screenshot,754
confident,754
officially,753
consortium,753
terrace,753
bacteria,753
seafood,753
rrp,752
delicious,752
jail,752
safely,752
finite,751
kidney,751
durable,751
allied,751
moisture,751
hungarian,750
roster,750
wichita,749
nasdaq,749
uruguay,749
hz,749
transform,749
timer,749
gotten,748
futures,747
vegetable,747
verse,747
wanting,746
custody,746
scratch,746
alignment,745
nhs,745
rocket,745
aye,744
bullet,744
lace,744
nasty,743
visibility,743
latitude,743
consciousness,743
ugly,743
mistress,743
encounter,743
duncan,742
hart,742
ment,742
forty,742
col,740
priest,740
queue,740
trance,739
locale,739
bundle,738
hammer,738
invasion,738
runner,738
notion,738
sq,737
skins,737
spelling,737
arctic,737
beneath,736
strengthen,736
defend,736
medicaid,736
seventh,735
welsh,735
belly,735
aggressive,735
quarters,734
stolen,734
cia,734
haiti,733
disturbed,733
sculpture,733
poly,733
dod,732
wp,732
fist,732
neo,732
motivation,732
pharmacology,731
fitting,731
mere,731
powerpoint,730
surplus,730
elder,730
sonic,730
cheers,729
dig,729
taxi,729
punishment,729
appreciation,729
subsequently,729
om,729
belarus,729
zoning,729
gravity,729
providence,728
thumb,728
restriction,728
incorporate,728
treasurer,728
essence,728
flooring,728
lightweight,727
ethiopia,727
mighty,727
humanity,727
transcription,727
dpi,726
gis,726
galaxy,726
chester,726
snapshot,725
caring,725
worn,725
synthetic,725
vp,725
testament,725
expo,725
dominant,725
twist,724
specifics,724
itunes,724
stomach,723
partially,723
newbie,723
minimize,722
darwin,722
wilderness,722
debut,722
deny,721
anatomy,721
bali,721
sponsorship,721
headphones,720
fraction,720
trio,720
proceeding,720
cube,720
volkswagen,719
uncertainty,719
breakdown,719
marker,719
reconstruction,719
subsidiary,719
clarity,719
adelaide,719
encouraging,719
monaco,719
settled,718
folding,718
airfare,718
beneficial,717
vaccine,717
belize,717
fate,716
volvo,716
penny,716
robust,716
minolta,716
gui,716
porter,715
jungle,715
rn,715
rim,715
zen,715
ivory,715
alpine,714
dis,714
prediction,714
pharmaceuticals,714
fabulous,714
remix,713
alias,713
thesaurus,713
individually,713
battlefield,712
literally,712
ecological,712
spice,712
oval,712
cooler,711
appraisal,711
maritime,711
periodic,711
overhead,711
ascii,711
prospect,710
shipment,710
breeding,710
geographical,710
donor,710
mozambique,710
tension,710
benz,709
trash,709
tier,709
fwd,709
earl,708
manor,708
envelope,708
homeland,708
rapids,707
disco,707
sheffield,707
bailey,706
wellington,706
incoming,706
prospects,706
cleaners,706
eternal,705
guam,705
cite,705
aboriginal,704
remarkable,704
rotation,704
nam,704
productive,704
boulevard,704
gdp,703
pig,703
metric,703
compliant,703
minus,703
imagination,702
joshua,702
armenia,701
varied,701
actress,701
mess,701
conferencing,701
assign,701
lit,700
accommodate,700
tigers,700
aurora,700
milan,700
premiere,700
lender,700
shade,700
chorus,699
rhythm,699
digit,699
dietary,699
symphony,699
sudden,698
precipitation,698
tb,697
lyric,697
isolation,696
sustained,696
approximate,695
rope,695
rational,695
programmer,695
chambers,694
dump,694
greetings,694
warming,694
incomplete,694
chronicle,693
fountain,693
chubby,693
grave,693
legitimate,693
burner,693
yrs,692
investigator,692
plaintiff,692
finnish,692
gentle,691
bm,691
hose,691
mediterranean,691
nightlife,691
footage,691
worthy,691
entrepreneur,690
sig,690
freelance,690
duo,690
excessive,690
devon,690
screensaver,690
helena,689
valuation,689
unexpected,689
cigarette,689
fog,689
characteristic,689
lobby,689
egyptian,689
tunisia,688
metallica,688
consequently,688
headline,688
punch,687
gotta,687
cowboy,687
narrative,687
bahrain,686
enormous,686
karma,686
queens,686
quantitative,686
subdivision,685
vip,685
defeat,685
distinction,685
honduras,685
naughty,685
insured,684
livestock,684
exemption,684
tenant,684
tattoo,684
shake,684
algebra,684
holly,683
silly,683
nutritional,683
yea,683
mercy,683
hartford,683
freely,683
sunrise,683
wrapping,683
mild,683
fur,682
nicaragua,682
timeline,682
tar,682
readily,680
affiliation,680
soc,680
fence,680
nudist,680
infinite,680
diana,680
clan,679
legally,679
shame,679
satisfactory,679
revolutionary,678
sync,678
civilian,678
telephony,678
mesa,678
fatal,678
remedy,678
breathing,678
briefly,678
thickness,678
graphical,677
genius,677
aerospace,677
fighter,677
meaningful,677
flesh,677
retreat,677
barely,676
wherever,676
rug,676
democrat,676
borough,676
failing,676
marble,675
hull,674
surrey,674
briefing,674
dem,674
wav,673
blackberry,673
highland,673
meditation,673
modular,673
microphone,673
macedonia,673
instrumental,672
shed,672
balloon,672
memo,671
ham,671
tide,671
kazakhstan,671
partition,670
invisible,670
funk,670
fbi,670
qatar,670
magnet,669
porsche,669
cayman,669
jaguar,669
reel,669
sheer,668
commodity,668
rp,668
bind,668
thanksgiving,668
rand,668
urgent,667
infants,667
gothic,667
cylinder,667
witch,667
buck,667
indication,667
eh,667
congratulations,667
tba,667
puppy,666
acre,666
surround,666
revenge,666
consultancy,665
finances,665
patrol,665
smell,664
pest,664
coordinates,664
rca,663
carnival,663
roughly,663
sticker,663
reef,663
physically,663
divide,663
consecutive,662
cornell,662
satin,662
deserve,662
promo,662
worried,661
garbage,661
competing,661
bradford,660
peninsula,659
chelsea,659
boring,659
dom,659
reaches,658
schema,658
sofa,658
parliamentary,657
prefix,657
barrel,657
typing,657
nerve,657
planets,657
deficit,656
boulder,656
pointing,656
renew,656
myanmar,656
metadata,656
floppy,655
texture,655
handbags,655
jar,655
somerset,655
acknowledge,655
thoroughly,655
antigua,654
nottingham,654
thunder,654
tent,654
caution,654
questionnaire,654
qualification,654
modelling,654
namely,653
miniature,653
dept,653
hack,653
dare,653
interstate,653
aerial,653
hawk,653
consequence,653
rebel,653
systematic,653
textile,652
lamb,652
madagascar,652
cos,652
uzbekistan,652
pac,652
erp,651
magnitude,651
hindu,651
dh,650
vocabulary,650
licking,650
earthquake,650
fundraising,650
fcc,650
albania,649
lasting,649
wicked,649
roommate,648
pushed,648
junk,647
wax,647
slope,647
reggae,647
poet,647
conspiracy,646
surname,646
theology,646
evident,646
rehab,646
epic,646
saturn,646
organizer,646
nut,646
allergy,645
sake,645
twisted,645
preceding,645
merit,645
enzyme,645
cumulative,645
edmonton,645
tackle,645
condo,644
amplifier,644
arbitrary,644
prominent,644
retrieve,644
lexington,644
sans,644
titanium,644
irs,644
fairy,644
shaft,643
lean,643
bye,643
cdt,643
occasional,642
casio,642
ana,642
kitty,641
dude,641
drain,641
algeria,641
blessed,641
cardiff,640
cornwall,640
potato,640
panic,640
transsexual,639
citizenship,639
excuse,639
basement,639
onion,638
strand,638
sandwich,638
lawsuit,638
alto,638
informative,638
girlfriend,638
cheque,638
hierarchy,638
reject,638
abandoned,637
merry,637
gore,636
complement,636
cult,636
dash,636
passive,636
mauritius,636
valued,636
cage,636
checklist,635
courage,635
gazette,635
extraction,635
batman,635
elevation,634
lap,634
calibration,634
anaheim,633
ping,633
textbook,633
dried,633
entertaining,633
prerequisite,633
frontier,633
settle,633
hypothesis,632
flux,632
derby,632
peaceful,632
pontiac,631
regression,631
doctrine,631
scenic,631
renewable,631
intersection,630
sewing,630
consistency,630
conclude,630
munich,630
oman,630
gmc,629
propose,629
azerbaijan,629
lighter,629
rage,629
adsl,629
astrology,628
pavilion,628
tactics,628
travelling,627
talented,627
pillow,627
induction,627
precisely,627
finals,626
paraguay,626
steal,626
parcel,626
refined,626
bo,626
fifteen,625
widespread,625
incidence,625
predict,624
boutique,624
acrylic,624
tuner,624
avon,624
shannon,623
toddler,622
alike,622
homeless,622
horrible,622
hungry,622
metallic,622
acne,622
blocked,621
interference,621
palestine,621
undo,620
cadillac,620
atmospheric,620
malawi,620
pk,620
halo,619
ppm,619
parental,619
lesser,619
publicity,619
marathon,618
ant,618
proposition,618
pressing,618
gasoline,618
apt,618
dressed,618
scout,618
belfast,618
exec,618
dealt,617
eos,617
catalyst,617
trader,617
allowance,616
vcr,616
denial,616
designation,616
prepaid,615
gem,615
duplicate,615
electro,615
criterion,615
badge,615
wrist,614
civilization,614
vietnamese,614
heath,614
tremendous,614
ballot,614
lexus,613
validity,613
trustee,613
weighted,613
angola,613
realm,612
helmet,612
postcard,612
elephant,612
yemen,611
tsunami,611
scholar,611
nickel,611
internationally,610
geology,610
pct,610
coating,610
wallet,610
accomplish,609
boating,609
drainage,609
vegetarian,608
rouge,608
yeast,608
yale,608
newfoundland,608
clearing,608
ambassador,607
intend,607
vegetation,607
doom,607
specially,607
yukon,606
bite,606
aquatic,606
reliance,606
striking,605
myth,605
infectious,605
gig,605
ferrari,605
continuity,605
brook,604
phenomenon,604
ensemble,604
insulin,604
assured,604
biblical,604
weed,604
conscious,604
accent,604
eleven,603
wives,603
utilize,603
mileage,603
oecd,603
prostate,603
auburn,603
unlock,603
hyundai,603
pledge,603
vampire,602
nitrogen,602
xerox,602
dice,602
merger,602
softball,602
quad,602
dock,602
musician,601
rwanda,601
limiting,600
dispatch,600
restored,600
hint,600
remark,600
reasoning,600
picking,599
charitable,599
guards,599
convinced,599
researcher,598
watershed,598
granny,598
pork,597
equilibrium,597
viral,597
inquire,597
laden,596
aruba,596
realtor,596
merge,596
privilege,596
chassis,596
dubai,595
estimation,595
barn,595
fleece,595
fare,595
pierce,595
dressing,594
sperm,594
bald,594
craps,594
frost,594
mold,594
dame,594
fo,594
sally,593
yacht,593
herb,593
ate,593
breach,593
whale,593
traveller,593
suspected,593
benchmark,592
stationery,592
idle,592
mustang,592
unauthorized,592
antibody,592
competent,592
momentum,592
fin,592
wiring,592
pastor,592
mud,592
uni,591
shark,590
contributor,590
grateful,590
emerald,590
gradually,590
cliff,590
desirable,590
tract,590
ul,590
ballet,590
journalist,590
abraham,589
bumper,589
afterwards,589
webpage,589
garlic,588
shine,588
senegal,588
explosion,588
banned,587
wendy,587
briefs,587
cove,587
mumbai,587
ozone,587
tariff,586
opponent,586
pasta,586
serum,585
swift,585
motherboard,585
inbox,585
focal,584
eden,584
distant,584
incl,584
champagne,584
decimal,584
hq,584
deviation,584
superintendent,584
dip,584
nbc,584
samba,584
hostel,584
employ,584
mongolia,584
penguin,584
magical,583
miracle,583
reprint,583
wt,583
hydraulic,583
flex,582
yearly,582
penetration,582
wound,582
belle,582
conviction,582
hash,582
writings,582
lazy,581
mpg,581
retrieval,581
fathers,581
carb,581
marvel,580
lined,580
cio,580
prototype,580
importantly,580
petite,580
apparatus,580
upc,579
terrain,579
dui,579
yen,579
gossip,579
rangers,579
nomination,578
empirical,578
rotary,578
worm,578
dependence,578
discrete,578
beginner,578
boxed,578
lid,578
sexuality,578
polyester,578
cubic,577
deaf,577
sapphire,577
remainder,577
marking,576
pvc,576
serbia,576
sheriff,576
griffin,576
guyana,576
blah,576
mime,576
elect,575
concentrate,574
intimate,574
reproductive,574
deadly,574
bunny,573
chevy,573
rounds,573
refrigerator,573
usda,572
exclusion,572
workstation,572
holocaust,572
keen,572
flyer,572
dosage,572
disposition,572
variance,571
navigator,571
cameroon,571
baking,571
marijuana,571
needle,571
baths,571
cathedral,571
nirvana,570
ko,570
til,570
sticky,570
destiny,570
generous,570
madness,570
climb,570
fascinating,569
heated,569
wto,569
computation,569
hay,569
cardiovascular,569
cardiac,568
salvation,568
dover,568
brutal,568
selective,567
arbitration,567
token,567
zinc,567
sacrifice,567
guru,567
isa,567
removable,566
gibraltar,566
levy,566
anthropology,566
skating,566
aberdeen,566
emperor,566
grad,566
malpractice,566
educated,565
pix,565
necessity,565
rendering,564
obesity,564
suburban,564
vertex,563
hepatitis,563
nationally,563
tomato,563
andorra,563
waterproof,563
travels,563
flush,563
waiver,563
pale,562
humanitarian,562
delight,562
survivor,562
alexandria,562
moses,562
undertake,561
declare,561
impaired,561
tear,561
jewel,560
convertible,560
nil,560
stranger,560
tragedy,559
nest,559
dryer,559
painful,559
velvet,559
tribunal,559
ruled,559
nato,559
prayers,559
funky,559
secretariat,559
nowhere,558
cop,558
gale,558
adolescent,558
dim,558
lately,557
scary,557
mattress,557
brunei,557
likewise,557
banana,557
introductory,557
reservoir,556
occurrence,556
idol,556
mixer,556
remind,556
wc,556
worcester,555
demographic,555
charming,555
tooth,555
disciplinary,555
annoying,555
respected,555
disclose,555
affair,555
drove,555
washer,555
upset,554
restrict,554
beside,554
rebound,554
mentor,554
fought,554
baghdad,553
elimination,553
hypothetical,553
complimentary,553
helicopter,553
pencil,553
freeze,553
performer,553
titled,552
sphere,552
moss,552
concord,552
graduated,552
ty,551
surprising,551
walnut,551
lance,551
ladder,551
unnecessary,551
dramatically,551
liberia,551
cork,550
maximize,550
workout,550
mali,550
yugoslavia,550
bleeding,550
characterization,550
colon,549
likelihood,549
purse,549
fundamentals,549
mtv,549
endangered,549
compromise,549
optimize,548
dome,548
expiration,548
align,548
peripheral,548
bless,548
engaging,548
negotiation,548
crest,548
triumph,547
confidentiality,547
electoral,547
alternatively,547
heel,547
alloy,547
polished,547
yang,547
gently,547
tulsa,546
controversial,546
fridge,546
blanket,546
bloom,546
qc,546
simpsons,545
justify,545
surge,544
trauma,543
advert,543
possess,543
demanding,543
defensive,543
sip,543
forbidden,542
vanilla,542
picnic,542
souls,542
arrivals,542
spank,542
practitioner,541
motivated,541
dumb,541
hollow,541
vault,541
securely,541
groove,541
revelation,541
pursuit,540
delegation,540
backing,540
greenhouse,540
vc,539
transparency,539
travis,539
endless,539
figured,539
orbit,539
niger,539
bacon,539
positioning,538
heater,538
colony,538
cannon,538
circus,538
moldova,537
spine,537
trout,537
feat,537
thriller,536
transmit,536
fatty,536
hunger,536
sic,536
municipality,536
detective,535
surgeon,535
cement,535
fireplace,535
endorsement,534
textiles,534
missile,534
intranet,534
psychiatry,533
persistent,533
glow,533
gabriel,533
auditor,533
aquarium,533
violin,533
prophet,533
bracket,532
isaac,532
oxide,532
oaks,532
magnificent,532
colleague,532
naples,532
promptly,532
adaptation,531
harmful,531
paintball,531
prozac,531
enclosure,531
dividend,531
newark,530
kw,530
glucose,530
phantom,530
norm,530
playback,530
westminster,530
turtle,530
absorption,529
dsc,529
neural,529
ware,529
fossil,529
mia,529
badly,529
apollo,529
wan,529
disappointed,528
persian,528
communist,528
collectible,528
handmade,528
grenada,527
jade,527
scoop,527
foul,527
keno,527
mailman,527
biodiversity,527
excitement,526
somalia,526
verbal,526
blink,526
presently,525
workflow,525
mysterious,525
novelty,525
librarian,525
stockholm,525
tamil,525
pose,524
fuzzy,524
therapist,524
promising,523
relaxation,523
goat,523
render,523
carmen,523
ira,523
sen,523
thereafter,523
hardwood,523
erotica,523
temporal,523
sail,523
forge,523
dense,523
brave,522
qt,522
awful,522
nightmare,522
airplane,522
southampton,522
istanbul,522
impose,521
sega,521
telescope,521
asbestos,521
portsmouth,521
pod,521
savage,521
advancement,521
harassment,520
willow,520
bolt,520
gage,520
wagon,520
barbie,520
dat,520
favour,520
knock,520
urge,520
thorough,519
inexpensive,519
optimum,519
neon,519
quilt,519
creature,518
ours,518
syracuse,518
internship,518
lone,518
refresh,518
aluminium,518
snowboard,518
webcast,518
subtle,518
maldives,517
firmware,517
antarctica,517
cope,517
shepherd,517
canberra,517
cradle,517
chancellor,517
mambo,516
lime,516
kirk,516
flour,516
controversy,516
legendary,516
sympathy,516
choir,516
blond,516
polymer,515
hygiene,515
wit,515
poultry,515
virtue,515
burst,515
bouquet,514
immunology,514
mandate,514
corpus,514
terminology,513
gentleman,513
fibre,513
reproduce,513
shades,513
indices,513
adware,513
threatening,513
spokesman,513
prisoner,512
daisy,512
halifax,512
cursor,512
stuffed,512
insects,512
crude,512
maiden,512
viking,512
myrtle,511
bored,511
yarn,511
knit,511
conditional,511
mug,511
crossword,511
bother,511
budapest,511
conceptual,511
knitting,511
bhutan,510
liechtenstein,510
mating,510
compute,510
redhead,510
translator,510
tractor,510
allah,510
continent,510
unwrap,509
longitude,509
resist,509
pike,509
insertion,508
instrumentation,508
constraint,508
groundwater,508
touched,508
cologne,508
ranger,508
insulation,507
marsh,507
ctrl,507
scared,507
bent,507
laos,507
subjective,507
asylum,507
stake,506
cocktail,506
swaziland,506
poison,506
